Format Version,1.24,Take Name,seccion11_BE,Take Notes,,Capture Frame Rate,120.000000,Export Frame Rate,120.000000,Capture Start Time,2025-10-29 02.07.07.365 PM,Capture Start Frame,1783748,Total Frames in Take,175,Total Exported Frames,175,Rotation Type,Quaternion,Length Units,Millimeters,Coordinate Space,Global

,Type,Marker,Marker,Marker,Marker,Marker,Marker,Marker,Marker,Marker,Marker,Marker,Marker,Marker,Marker,Marker,Marker,Marker,Marker,Marker,Marker,Marker,Marker,Marker,Marker,Marker,Marker,Marker,Marker,Marker,Marker,Marker,Marker,Marker,Marker,Marker,Marker
,Name,Unlabeled 1292,Unlabeled 1292,Unlabeled 1292,Unlabeled 1293,Unlabeled 1293,Unlabeled 1293,Unlabeled 1294,Unlabeled 1294,Unlabeled 1294,Unlabeled 1295,Unlabeled 1295,Unlabeled 1295,Unlabeled 1296,Unlabeled 1296,Unlabeled 1296,Unlabeled 1297,Unlabeled 1297,Unlabeled 1297,Unlabeled 1298,Unlabeled 1298,Unlabeled 1298,Unlabeled 1299,Unlabeled 1299,Unlabeled 1299,Unlabeled 1300,Unlabeled 1300,Unlabeled 1300,Unlabeled 1301,Unlabeled 1301,Unlabeled 1301,Unlabeled 1302,Unlabeled 1302,Unlabeled 1302,Unlabeled 1303,Unlabeled 1303,Unlabeled 1303
,ID,"1945C8F4C26B4E011F0","1945C8F4C26B4E011F0","1945C8F4C26B4E011F0","1995C8F4C26B4E011F0","1995C8F4C26B4E011F0","1995C8F4C26B4E011F0","19D5C8F4C26B4E011F0","19D5C8F4C26B4E011F0","19D5C8F4C26B4E011F0","19E5C8F4C26B4E011F0","19E5C8F4C26B4E011F0","19E5C8F4C26B4E011F0","1A35C8F4C26B4E011F0","1A35C8F4C26B4E011F0","1A35C8F4C26B4E011F0","1A45C8F4C26B4E011F0","1A45C8F4C26B4E011F0","1A45C8F4C26B4E011F0","1A65C8F4C26B4E011F0","1A65C8F4C26B4E011F0","1A65C8F4C26B4E011F0","1A75C8F4C26B4E011F0","1A75C8F4C26B4E011F0","1A75C8F4C26B4E011F0","1A95C8F4C26B4E011F0","1A95C8F4C26B4E011F0","1A95C8F4C26B4E011F0","1AA5C8F4C26B4E011F0","1AA5C8F4C26B4E011F0","1AA5C8F4C26B4E011F0","1AB5C8F4C26B4E011F0","1AB5C8F4C26B4E011F0","1AB5C8F4C26B4E011F0","1AC5C8F4C26B4E011F0","1AC5C8F4C26B4E011F0","1AC5C8F4C26B4E011F0"
,,Position,Position,Position,Position,Position,Position,Position,Position,Position,Position,Position,Position,Position,Position,Position,Position,Position,Position,Position,Position,Position,Position,Position,Position,Position,Position,Position,Position,Position,Position,Position,Position,Position,Position,Position,Position
Frame,Time (Seconds),X,Y,Z,X,Y,Z,X,Y,Z,X,Y,Z,X,Y,Z,X,Y,Z,X,Y,Z,X,Y,Z,X,Y,Z,X,Y,Z,X,Y,Z,X,Y,Z
0,0.000000,671.665588,232.780502,-1081.848877,664.514404,235.502899,-981.562866,725.123474,234.923035,-936.655518,823.966858,231.832718,-975.383789,-1060.555420,208.145859,-1361.722778,-1005.570984,215.893021,-1377.320312,-975.712219,208.534912,-1427.245850,-1070.490723,328.379700,-1458.596191,-1067.868774,196.543884,377.126526,-1079.407959,224.581329,377.980499,-1196.315063,242.348038,305.352203,-1172.083252,240.947556,482.211884
1,0.008333,671.657959,232.785233,-1081.843384,664.512695,235.490677,-981.568481,725.115540,234.909851,-936.659424,823.949280,231.813110,-975.372253,-1060.570679,208.130814,-1361.715576,-1005.579590,215.860580,-1377.297852,-975.738586,208.507385,-1427.239624,-1070.527222,328.363495,-1458.579102,-1067.860474,196.515198,377.183685,-1079.405884,224.578781,377.996216,-1196.316650,242.336990,305.353027,-1172.100098,240.940842,482.223480
2,0.016667,671.664551,232.781693,-1081.852051,664.506042,235.490997,-981.567017,725.136230,234.913620,-936.661804,823.958313,231.819183,-975.361328,-1060.543335,208.138199,-1361.704834,-1005.588623,215.862915,-1377.292358,-975.732178,208.487488,-1427.224121,-1070.490845,328.367889,-1458.580200,-1067.858398,196.502808,377.200623,-1079.429199,224.576797,378.012085,-1196.323120,242.335144,305.355103,-1172.095581,240.954941,482.224792
3,0.025000,671.670959,232.799973,-1081.851318,664.535400,235.504288,-981.563782,725.127686,234.928085,-936.672302,823.984070,231.840790,-975.362671,-1060.534912,208.252380,-1361.652344,-1005.558594,215.872910,-1377.280151,-975.708679,208.504105,-1427.234253,-1070.476929,328.377380,-1458.573608,-1067.847168,196.500183,377.179291,-1079.438965,224.574158,378.012482,-1196.311646,242.316498,305.368530,-1172.057983,240.942413,482.206787
4,0.033333,671.802490,232.718201,-1081.783813,664.534790,235.505508,-981.565002,725.143677,234.939224,-936.654785,823.989014,231.856598,-975.372437,-1060.513184,208.174637,-1361.726562,-1005.532837,215.888641,-1377.295898,-975.704773,208.538208,-1427.234619,-1070.460938,328.387878,-1458.584961,-1067.838257,196.503433,377.164703,-1079.416748,224.568726,377.997986,-1196.330566,242.301041,305.376129,-1171.944824,241.043869,482.147156
5,0.041667,671.664673,232.783936,-1081.844238,664.532104,235.497101,-981.557678,725.130737,234.935074,-936.662537,823.975220,231.847534,-975.375854,-1060.532227,208.139542,-1361.720581,-1005.541687,215.894806,-1377.304565,-975.701721,208.538971,-1427.243774,-1070.469238,328.392181,-1458.602783,-1067.848999,196.519028,377.164032,-1079.423462,224.577316,377.968658,-1196.333130,242.322037,305.376129,-1172.042236,240.969040,482.166748
6,0.050000,671.654297,232.780579,-1081.849121,664.513367,235.489822,-981.566223,725.130249,234.907455,-936.659668,823.973206,231.824905,-975.383789,-1060.570801,208.115402,-1361.717407,-1005.557983,215.866699,-1377.283691,-975.713745,208.512512,-1427.238770,-1070.521484,328.377899,-1458.599487,-1067.858398,196.511734,377.177399,-1079.415894,224.592026,377.971649,-1196.333984,242.326874,305.371704,-1172.097046,240.959274,482.214233
7,0.058333,671.660095,232.790787,-1081.842285,664.519531,235.500427,-981.563416,725.125305,234.916351,-936.654419,823.970276,231.825745,-975.378296,-1060.565674,208.110291,-1361.711304,-1005.575867,215.846405,-1377.284302,-975.729675,208.487503,-1427.226196,-1070.530151,328.364136,-1458.598999,-1067.868896,196.512390,377.179932,-1079.420288,224.573242,377.993713,-1196.321045,242.331726,305.352203,-1172.104736,240.939133,482.215210
8,0.066667,671.671204,232.786118,-1081.847168,664.523010,235.500626,-981.557983,725.147217,234.914551,-936.656494,823.959961,231.837662,-975.359009,-1060.556030,208.119629,-1361.708252,-1005.575806,215.843781,-1377.297241,-975.725952,208.490707,-1427.220703,-1070.512939,328.351868,-1458.604736,-1067.861450,196.503647,377.187927,-1079.419434,224.562103,378.009430,-1196.329346,242.330261,305.361969,-1172.063477,240.950668,482.202637
9,0.075000,671.678528,232.786774,-1081.843872,664.537781,235.502350,-981.556885,725.156738,234.928238,-936.653076,823.989380,231.853806,-975.361023,-1060.545532,208.138306,-1361.717163,-1005.555420,215.874649,-1377.300049,-975.715210,208.506927,-1427.230713,-1070.487183,328.374542,-1458.589355,-1067.850830,196.505814,377.171906,-1079.440674,224.557343,378.000000,-1196.320312,242.315536,305.362640,-1172.047852,240.948486,482.180115
10,0.083333,671.673218,232.788422,-1081.849365,664.555176,235.502899,-981.548279,725.144775,234.926208,-936.641296,823.980286,231.853424,-975.361877,-1060.524780,208.149734,-1361.716675,-1005.530701,215.880981,-1377.289062,-975.716553,208.512161,-1427.242554,-1070.475098,328.384735,-1458.601929,-1067.837158,196.508453,377.176788,-1079.431519,224.578735,377.988464,-1196.311768,242.331940,305.364441,-1172.060547,240.945862,482.203949
11,0.091667,671.659058,232.780807,-1081.837891,664.538025,235.494446,-981.554443,725.139954,234.913071,-936.661133,823.977966,231.829636,-975.366699,-1060.540649,208.136505,-1361.718506,-1005.541199,215.866318,-1377.287598,-975.710693,208.517044,-1427.238037,-1070.484497,328.381409,-1458.598877,-1067.850342,196.504028,377.176483,-1079.404663,224.586807,377.963745,-1196.322632,242.337677,305.371429,-1172.086792,240.945297,482.210419
12,0.100000,671.656555,232.785156,-1081.838989,664.508118,235.496460,-981.559326,725.123962,234.895264,-936.661560,823.967285,231.812332,-975.365479,-1060.553955,208.118805,-1361.694824,-1005.579346,215.852127,-1377.308838,-975.725220,208.496323,-1427.233643,-1070.511230,328.364990,-1458.598877,-1067.873291,196.502319,377.176453,-1079.405640,224.577332,377.989807,-1196.317017,242.329895,305.351624,-1172.108521,240.936630,482.198395
13,0.108333,671.658752,232.780136,-1081.844971,664.504028,235.492401,-981.562744,725.120483,234.904648,-936.657471,823.960388,231.819473,-975.374634,-1060.550171,208.118973,-1361.717041,-1005.578186,215.838043,-1377.296265,-975.735474,208.498047,-1427.228271,-1070.530762,328.361755,-1458.590576,-1067.864136,196.485977,377.188049,-1079.439819,224.563721,378.002380,-1196.329956,242.321869,305.347595,-1172.092529,240.941299,482.211090
14,0.116667,671.682556,232.789963,-1081.856201,664.530823,235.490448,-981.558838,725.133240,234.935349,-936.638916,823.976624,231.843094,-975.374939,-1060.529541,208.137360,-1361.719849,-1005.546814,215.842148,-1377.284668,-975.715454,208.512131,-1427.226562,-1070.490723,328.368774,-1458.587402,-1067.866211,196.488312,377.180145,-1079.441772,224.543167,378.015472,-1196.326904,242.305481,305.362610,-1172.072144,240.929596,482.201599
15,0.125000,671.681335,232.792297,-1081.853149,664.541748,235.507477,-981.555481,725.125427,234.931717,-936.663025,823.986877,231.838638,-975.371765,-1060.503174,208.144043,-1361.709473,-1005.536926,215.874176,-1377.285034,-975.691284,208.533493,-1427.237549,-1070.458374,328.393799,-1458.581909,-1067.864746,196.525192,377.129974,-1079.402588,224.565811,377.979279,-1196.326416,242.294357,305.373871,-1172.074585,240.940475,482.205292
16,0.133333,671.673035,232.795563,-1081.847290,664.544373,235.506104,-981.551819,725.148499,234.925797,-936.658447,823.979004,231.849258,-975.365112,-1060.521851,208.151077,-1361.704224,-1005.525208,215.897781,-1377.275757,-975.689270,208.540421,-1427.228149,-1070.460327,328.386566,-1458.577148,-1067.845215,196.509613,377.152496,-1079.385376,224.586777,377.973175,-1196.322266,242.322754,305.359558,-1172.075073,240.930145,482.209961
17,0.141667,671.658813,232.790787,-1081.844849,664.526428,235.494537,-981.563171,725.119934,234.911179,-936.658936,823.964355,231.819336,-975.380554,-1060.542114,208.139862,-1361.710693,-1005.537537,215.872543,-1377.288330,-975.712830,208.515869,-1427.233398,-1070.488281,328.365967,-1458.578979,-1067.862305,196.504288,377.159882,-1079.391846,224.598877,377.976135,-1196.316772,242.333313,305.351898,-1172.095947,240.948410,482.219757
18,0.150000,671.665771,232.787445,-1081.848633,664.499146,235.492447,-981.568665,725.101074,234.919601,-936.661865,823.946106,231.818359,-975.400635,-1060.554932,208.138168,-1361.710449,-1005.579224,215.846695,-1377.307129,-975.732849,208.493042,-1427.227783,-1070.513184,328.346497,-1458.596313,-1067.874390,196.494293,377.168976,-1079.428345,224.563583,377.990326,-1196.304199,242.325836,305.336945,-1172.108643,240.954498,482.211304
19,0.158333,671.658203,232.780548,-1081.858765,664.499329,235.496918,-981.571594,725.098083,234.930496,-936.677124,823.949707,231.832214,-975.383972,-1060.545410,208.133759,-1361.707031,-1005.572571,215.847656,-1377.282715,-975.758911,208.498367,-1427.220459,-1070.499878,328.364655,-1458.586060,-1067.866455,196.499939,377.195068,-1079.435669,224.554962,378.005066,-1196.300171,242.324265,305.319641,-1172.088501,240.964722,482.196014
20,0.166667,671.676331,232.798462,-1081.851318,664.522095,235.501648,-981.569763,725.114807,234.940903,-936.658997,823.966675,231.849258,-975.374939,-1060.515625,208.153519,-1361.706909,-1005.547180,215.872086,-1377.267700,-975.716614,208.526764,-1427.214355,-1070.454712,328.387695,-1458.566162,-1067.858643,196.497818,377.187073,-1079.430908,224.561630,378.002045,-1196.298462,242.306091,305.331787,-1172.055542,240.956955,482.191406
21,0.175000,671.656799,232.796829,-1081.844360,664.530334,235.499557,-981.576050,725.128967,234.926834,-936.664612,823.981812,231.853043,-975.377808,-1060.506958,208.147751,-1361.706909,-1005.521912,215.879669,-1377.290527,-975.691223,208.544312,-1427.226562,-1070.437378,328.391663,-1458.558472,-1067.838135,196.512848,377.166199,-1079.404175,224.585602,377.974426,-1196.320312,242.312286,305.357544,-1172.052246,240.926987,482.202209
22,0.183333,671.656067,232.796677,-1081.849365,664.540283,235.485870,-981.564026,725.138611,234.919159,-936.657654,823.974365,231.830505,-975.397583,-1060.519287,208.144165,-1361.709106,-1005.547668,215.878143,-1377.293213,-975.698242,208.533249,-1427.240234,-1070.476562,328.376404,-1458.584229,-1067.844971,196.517380,377.150391,-1079.370483,224.603668,377.954559,-1196.324097,242.314682,305.377625,-1172.087036,240.917847,482.193817
23,0.191667,671.636047,232.782852,-1081.853882,664.508728,235.492844,-981.566711,725.098755,234.924515,-936.665039,823.951050,231.821442,-975.389343,-1060.566772,208.129562,-1361.709473,-1005.569214,215.855957,-1377.301514,-975.730469,208.509476,-1427.242432,-1070.518555,328.363129,-1458.596313,-1067.856201,196.509964,377.150757,-1079.390259,224.590942,377.957886,-1196.311523,242.323700,305.340942,-1172.100098,240.943878,482.198120
24,0.200000,671.650940,232.772629,-1081.849609,664.492126,235.497910,-981.562378,725.097229,234.928558,-936.656799,823.943542,231.826111,-975.383911,-1060.564331,208.127640,-1361.696655,-1005.587830,215.854721,-1377.293457,-975.761475,208.488083,-1427.239990,-1070.538818,328.380585,-1458.582275,-1067.875854,196.505600,377.162506,-1079.435913,224.561798,377.989624,-1196.294067,242.322159,305.323242,-1172.086914,240.950592,482.185394
25,0.208333,671.654175,232.796387,-1081.848511,664.518738,235.511383,-981.556763,725.112732,234.932159,-936.664246,823.964478,231.847687,-975.364197,-1060.534790,208.148224,-1361.684204,-1005.569214,215.877090,-1377.271240,-975.745911,208.509262,-1427.223145,-1070.498291,328.404480,-1458.567139,-1067.860229,196.508331,377.183472,-1079.425537,224.559265,378.006287,-1196.312500,242.322540,305.328491,-1172.065674,240.974335,482.192627
26,0.216667,671.661560,232.803345,-1081.845093,664.535645,235.513412,-981.555969,725.124023,234.937469,-936.657227,823.979675,231.853470,-975.367004,-1060.509033,208.161804,-1361.690552,-1005.541687,215.880417,-1377.278564,-975.699890,208.526398,-1427.219971,-1070.450684,328.407562,-1458.561035,-1067.840454,196.521225,377.161133,-1079.406738,224.577957,377.975555,-1196.307495,242.323013,305.334961,-1172.053833,240.953796,482.187775
27,0.225000,671.670959,232.788040,-1081.840332,664.543213,235.499832,-981.565002,725.136292,234.935211,-936.650696,823.982727,231.847610,-975.372131,-1060.535400,208.149612,-1361.704468,-1005.536926,215.869507,-1377.290527,-975.696228,208.540924,-1427.221191,-1070.461914,328.379517,-1458.585083,-1067.879272,196.527267,377.106903,-1079.385010,224.586380,377.946381,-1196.303223,242.324692,305.364502,-1172.064087,240.937531,482.184723
28,0.233333,671.632141,232.788467,-1081.842163,664.518372,235.500015,-981.567810,725.115295,234.926056,-936.667236,823.963440,231.822708,-975.395142,-1060.549438,208.121780,-1361.712036,-1005.564087,215.863525,-1377.302856,-975.727600,208.508835,-1427.247314,-1070.521729,328.368225,-1458.588379,-1067.863281,196.505478,377.145538,-1079.386353,224.589584,377.951752,-1196.317749,242.322235,305.354370,-1172.095459,240.931076,482.178864
29,0.241667,671.647156,232.776169,-1081.855469,664.494690,235.497925,-981.559875,725.095093,234.933075,-936.658936,823.944153,231.823944,-975.385742,-1060.575562,208.126343,-1361.700317,-1005.594360,215.851578,-1377.306396,-975.758301,208.506943,-1427.240845,-1070.547852,328.365479,-1458.594727,-1067.933105,196.545990,377.073608,-1079.417358,224.572296,377.976624,-1196.328369,242.318588,305.334900,-1172.104980,240.957932,482.182922
30,0.250000,671.666321,232.775406,-1081.847290,664.496094,235.496674,-981.562378,725.102112,234.936905,-936.670288,823.943909,231.840820,-975.358887,-1060.547241,208.156097,-1361.680664,-1005.593445,215.866074,-1377.280273,-975.749573,208.511673,-1427.222900,-1070.514771,328.383423,-1458.568359,-1067.862183,196.517807,377.166107,-1079.429443,224.567520,378.005859,-1196.322266,242.320023,305.329529,-1172.080688,240.956573,482.180786
31,0.258333,671.681396,232.783981,-1081.846802,664.525513,235.498718,-981.563599,725.137695,234.931488,-936.649719,823.969910,231.848648,-975.372375,-1060.502563,208.164520,-1361.697266,-1005.551941,215.885040,-1377.271851,-975.721619,208.526215,-1427.218018,-1070.472412,328.403137,-1458.552979,-1067.842285,196.511017,377.180023,-1079.418091,224.575165,378.004150,-1196.317993,242.310364,305.345398,-1172.061523,240.952515,482.178741
32,0.266667,671.673218,232.791473,-1081.838013,664.548889,235.501099,-981.551392,725.153015,234.929367,-936.655212,823.995056,231.853149,-975.374939,-1060.511841,208.160645,-1361.699341,-1005.550598,215.884918,-1377.307373,-975.691467,208.527924,-1427.227051,-1070.455688,328.393616,-1458.571411,-1067.845093,196.502853,377.156952,-1079.394409,224.582352,377.968445,-1196.317017,242.302719,305.367126,-1171.948242,241.031296,482.140991
33,0.275000,671.658142,232.784775,-1081.845581,664.539551,235.491745,-981.561401,725.128845,234.925430,-936.666931,823.987366,231.826492,-975.371521,-1060.539307,208.127975,-1361.710938,-1005.560852,215.892853,-1377.309692,-975.702454,208.514099,-1427.235474,-1070.473267,328.375214,-1458.580688,-1067.854248,196.492737,377.155945,-1079.368408,224.577240,377.956390,-1196.319336,242.307434,305.367554,-1172.060303,240.943924,482.175598
34,0.283333,671.654236,232.775482,-1081.840576,664.516663,235.500870,-981.564209,725.109070,234.928955,-936.653564,823.957031,231.836014,-975.384583,-1060.561523,208.122177,-1361.704956,-1005.589722,215.875320,-1377.301514,-975.748352,208.510422,-1427.233765,-1070.526001,328.378174,-1458.582031,-1067.921021,196.506897,377.134949,-1079.402466,224.572769,377.962189,-1196.326782,242.311707,305.350342,-1172.095215,240.926254,482.204132
35,0.291667,671.649048,232.779861,-1081.844116,664.495667,235.505585,-981.563477,725.096619,234.923676,-936.658325,823.943298,231.843628,-975.370789,-1060.550537,208.149277,-1361.692993,-1005.602356,215.881271,-1377.278320,-975.760620,208.521194,-1427.211914,-1070.484985,328.394043,-1458.568115,-1067.875732,196.501694,377.170654,-1079.413452,224.580780,378.002319,-1196.323242,242.318161,305.345245,-1172.099609,240.953186,482.195312
36,0.300000,671.665039,232.787537,-1081.834229,664.509827,235.505692,-981.555542,725.128906,234.932800,-936.650208,823.971436,231.838074,-975.364502,-1060.504883,208.167923,-1361.694458,-1005.559692,215.877304,-1377.276611,-975.728149,208.533844,-1427.210815,-1070.466553,328.411713,-1458.561768,-1067.847534,196.515747,377.175354,-1079.412964,224.583405,378.004089,-1196.306885,242.343491,305.332458,-1172.067383,240.962982,482.187744
37,0.308333,671.684265,232.798309,-1081.845215,664.535645,235.499573,-981.562927,725.148071,234.929657,-936.656921,823.979736,231.838699,-975.381592,-1060.495850,208.160339,-1361.686646,-1005.525574,215.878616,-1377.274048,-975.674927,208.539001,-1427.226685,-1070.435913,328.413971,-1458.552246,-1067.853149,196.538849,377.116547,-1079.409546,224.585388,377.978577,-1196.312134,242.329544,305.343262,-1172.048706,240.964203,482.174713
38,0.316667,671.675781,232.792267,-1081.856567,664.546021,235.494278,-981.565125,725.152954,234.917526,-936.654602,823.986267,231.831238,-975.381226,-1060.505371,208.136734,-1361.715332,-1005.543335,215.879227,-1377.296387,-975.693604,208.531998,-1427.239136,-1070.460205,328.394470,-1458.574951,-1067.832153,196.508423,377.139435,-1079.389526,224.586411,377.963318,-1196.306885,242.322052,305.357300,-1172.047974,240.943863,482.192291
39,0.325000,671.652832,232.779678,-1081.850220,664.518738,235.497818,-981.560852,725.111633,234.927582,-936.659058,823.958862,231.830032,-975.394775,-1060.545654,208.127014,-1361.702026,-1005.554321,215.876877,-1377.299194,-975.716980,208.520767,-1427.226318,-1070.491211,328.382812,-1458.582642,-1067.850464,196.503006,377.149719,-1079.391724,224.584305,377.964478,-1196.309204,242.307877,305.361420,-1172.079590,240.917953,482.192261
40,0.333333,671.654419,232.784241,-1081.846802,664.500366,235.501419,-981.566345,725.106812,234.927750,-936.668213,823.943237,231.829468,-975.380920,-1060.583984,208.116486,-1361.684692,-1005.579590,215.874924,-1377.272949,-975.749817,208.519928,-1427.198242,-1070.539429,328.382660,-1458.568604,-1067.866333,196.489838,377.172272,-1079.402100,224.572708,377.988525,-1196.322998,242.325058,305.351379,-1172.077759,240.930908,482.198395
41,0.341667,671.662109,232.787598,-1081.857788,664.499573,235.486359,-981.573120,725.108093,234.919617,-936.666443,823.953430,231.832870,-975.369446,-1060.561890,208.123810,-1361.677002,-1005.567078,215.867447,-1377.268311,-975.736328,208.503464,-1427.205200,-1070.479370,328.386261,-1458.548828,-1067.852173,196.502792,377.178589,-1079.426758,224.573990,377.983551,-1196.315674,242.317917,305.344757,-1172.073364,240.969147,482.181946
42,0.350000,671.673706,232.784348,-1081.850098,664.524353,235.487305,-981.568115,725.148682,234.919281,-936.655212,823.984619,231.830093,-975.374756,-1060.521118,208.124283,-1361.692749,-1005.523560,215.853027,-1377.256958,-975.706177,208.500168,-1427.206909,-1070.439087,328.378448,-1458.539062,-1067.841431,196.512177,377.167908,-1079.401611,224.573425,377.978973,-1196.316162,242.332703,305.329437,-1171.941650,241.069763,482.132141
43,0.358333,671.673462,232.794296,-1081.845825,664.542053,235.495804,-981.556763,725.156982,234.930481,-936.651062,823.996948,231.843475,-975.378784,-1060.508301,208.128693,-1361.697388,-1005.526306,215.846512,-1377.288940,-975.685303,208.503311,-1427.224121,-1070.453857,328.349731,-1458.569092,-1067.851440,196.527191,377.110748,-1079.393066,224.579147,377.953217,-1196.319336,242.309113,305.336365,-1172.026245,240.968903,482.161896
44,0.366667,671.659180,232.786819,-1081.852417,664.526611,235.497284,-981.558533,725.137939,234.926819,-936.661621,823.971069,231.843521,-975.395996,-1060.540894,208.131821,-1361.696899,-1005.565308,215.862869,-1377.291382,-975.723633,208.510681,-1427.219727,-1070.487671,328.340881,-1458.578491,-1067.849121,196.509338,377.145142,-1079.400024,224.571487,377.954956,-1196.315796,242.305191,305.349365,-1172.075928,240.948807,482.188354
45,0.375000,671.663757,232.788406,-1081.848999,664.515991,235.506119,-981.571655,725.107605,234.930557,-936.661255,823.945251,231.848770,-975.388000,-1060.558350,208.139053,-1361.686646,-1005.578064,215.865784,-1377.291016,-975.752197,208.509201,-1427.207520,-1070.527710,328.362000,-1458.570679,-1067.875000,196.525253,377.132812,-1079.404663,224.576401,377.962738,-1196.317993,242.309677,305.359619,-1172.101318,240.929779,482.184601
46,0.383333,671.667664,232.785980,-1081.843140,664.517578,235.498657,-981.560669,725.118835,234.929703,-936.657471,823.949036,231.833817,-975.359253,-1060.544800,208.121231,-1361.682007,-1005.580688,215.867767,-1377.269409,-975.740295,208.509903,-1427.206909,-1070.507446,328.369568,-1458.566895,-1067.875122,196.529556,377.124603,-1079.410278,224.575439,377.989777,-1196.305664,242.331757,305.351898,-1172.090454,240.957535,482.187561
47,0.391667,671.681030,232.785461,-1081.850220,664.519409,235.496857,-981.561218,725.134033,234.919907,-936.639648,823.959839,231.824524,-975.354980,-1060.527588,208.128128,-1361.685913,-1005.550476,215.854111,-1377.260498,-975.713135,208.500641,-1427.215088,-1070.469116,328.375336,-1458.560425,-1067.861450,196.516739,377.150909,-1079.416870,224.571930,377.981232,-1196.312134,242.328400,305.313049,-1171.974487,241.071213,482.143097
48,0.400000,671.802795,232.713470,-1081.774902,664.534485,235.502090,-981.552490,725.158997,234.921539,-936.645020,823.989014,231.827545,-975.357727,-1060.515747,208.130829,-1361.702515,-1005.519775,215.842880,-1377.269531,-975.695312,208.505951,-1427.210327,-1070.434814,328.370178,-1458.544189,-1067.862061,196.531769,377.114868,-1079.419189,224.568359,377.962738,-1196.321777,242.331085,305.312195,-1172.046875,240.985352,482.155640
49,0.408333,671.668579,232.786331,-1081.843384,664.542908,235.495728,-981.562134,725.133240,234.927200,-936.655151,823.984131,231.836044,-975.374146,-1060.533447,208.123093,-1361.698853,-1005.540039,215.862244,-1377.266235,-975.715881,208.506104,-1427.220337,-1070.480469,328.353699,-1458.565430,-1067.848267,196.511490,377.140869,-1079.403687,224.575562,377.970032,-1196.320190,242.311905,305.334656,-1172.078247,240.925095,482.171417
50,0.416667,671.664917,232.797256,-1081.849609,664.517822,235.494568,-981.572937,725.120483,234.937866,-936.663757,823.965271,231.850723,-975.391479,-1060.566406,208.120789,-1361.688232,-1005.562805,215.864258,-1377.271484,-975.724243,208.511047,-1427.218750,-1070.527466,328.358093,-1458.589600,-1067.910034,196.502502,377.129272,-1079.398804,224.562698,377.971558,-1196.307983,242.302765,305.337860,-1172.078125,240.910889,482.190979
51,0.425000,671.663818,232.779724,-1081.850830,664.512939,235.490936,-981.575378,725.128601,234.921860,-936.665588,823.966797,231.844650,-975.374390,-1060.564697,208.116394,-1361.679321,-1005.575073,215.859818,-1377.295654,-975.741394,208.515305,-1427.218750,-1070.544189,328.380646,-1458.566162,-1067.869141,196.491989,377.173553,-1079.395752,224.579666,377.978943,-1196.299805,242.304810,305.341980,-1172.088135,240.930847,482.192505
52,0.433333,671.684326,232.764099,-1081.843384,664.530823,235.476624,-981.560120,725.125366,234.900436,-936.663086,823.981018,231.818268,-975.376770,-1060.546875,208.117828,-1361.686401,-1005.551575,215.848129,-1377.251587,-975.711975,208.506454,-1427.206543,-1070.495483,328.374420,-1458.557617,-1067.858521,196.499405,377.173309,-1079.413940,224.571335,377.979187,-1196.313110,242.325867,305.326996,-1172.093262,240.948196,482.171417
53,0.441667,671.692871,232.772507,-1081.849609,664.532166,235.485397,-981.557922,725.153503,234.908203,-936.650330,823.987244,231.832855,-975.367859,-1060.536377,208.122269,-1361.692627,-1005.527161,215.835800,-1377.258179,-975.705383,208.502655,-1427.215942,-1070.472046,328.368958,-1458.562500,-1067.860107,196.511307,377.153809,-1079.427734,224.567123,377.976105,-1196.314331,242.318954,305.332153,-1172.072998,240.958527,482.178955
54,0.450000,671.665161,232.789459,-1081.850464,664.531921,235.498657,-981.553711,725.140137,234.919556,-936.653625,823.989136,231.837082,-975.380188,-1060.532593,208.125778,-1361.708862,-1005.540588,215.849243,-1377.264771,-975.710693,208.504868,-1427.225464,-1070.458374,328.356720,-1458.570190,-1067.859375,196.512543,377.161011,-1079.425415,224.567291,377.956970,-1196.328369,242.320999,305.344208,-1171.969116,241.053848,482.129913
55,0.458333,671.671387,232.799927,-1081.842041,664.522095,235.512009,-981.557556,725.121338,234.936005,-936.661804,823.984253,231.849136,-975.376526,-1060.535889,208.143555,-1361.693481,-1005.573486,215.878830,-1377.291382,-975.739563,208.517014,-1427.228394,-1070.497925,328.370392,-1458.572632,-1067.852417,196.503616,377.166290,-1079.408325,224.563828,377.968170,-1196.326782,242.319427,305.354950,-1172.070801,240.965134,482.141479
56,0.466667,671.664307,232.788391,-1081.850464,664.519287,235.505707,-981.555542,725.110107,234.954254,-936.665039,823.963562,231.856628,-975.378235,-1060.561279,208.136261,-1361.681519,-1005.586731,215.887421,-1377.295044,-975.751282,208.531815,-1427.217529,-1070.539062,328.382751,-1458.574585,-1067.910767,196.549454,377.077728,-1079.401611,224.578812,377.969513,-1196.319336,242.295639,305.367584,-1172.097046,240.922333,482.176392
57,0.475000,671.677490,232.780365,-1081.850586,664.524597,235.494141,-981.559509,725.135437,234.928513,-936.656982,823.968567,231.839859,-975.362488,-1060.558716,208.119415,-1361.685791,-1005.591736,215.857956,-1377.287476,-975.735535,208.517990,-1427.215332,-1070.517456,328.395966,-1458.566040,-1067.858398,196.516861,377.155701,-1079.395996,224.576355,377.974487,-1196.309570,242.328201,305.343170,-1172.097168,240.928452,482.195068
58,0.483333,671.678284,232.790054,-1081.842285,664.524536,235.486130,-981.559204,725.152039,234.914124,-936.654602,823.965515,231.815567,-975.366272,-1060.561157,208.115585,-1361.703369,-1005.574829,215.852951,-1377.275269,-975.732117,208.501480,-1427.224609,-1070.480591,328.378204,-1458.572144,-1067.869751,196.538864,377.119202,-1079.391968,224.577301,377.970337,-1196.326660,242.330292,305.331543,-1172.088379,240.956207,482.182831
59,0.491667,671.674805,232.802078,-1081.844727,664.529724,235.491989,-981.546570,725.149353,234.914886,-936.644714,823.984375,231.835495,-975.365479,-1060.550903,208.125473,-1361.698364,-1005.570190,215.843948,-1377.285278,-975.734619,208.499069,-1427.224976,-1070.517944,328.365265,-1458.587891,-1067.850708,196.532120,377.147369,-1079.401611,224.584946,377.962921,-1196.321289,242.321732,305.343079,-1172.070557,240.962540,482.175690
60,0.500000,671.674744,232.784592,-1081.846069,664.537109,235.511459,-981.558044,725.140503,234.935547,-936.654541,823.975952,231.846191,-975.382263,-1060.548828,208.133072,-1361.697388,-1005.604370,215.861862,-1377.299683,-975.742310,208.516434,-1427.228394,-1070.529541,328.375244,-1458.582275,-1067.854248,196.502747,377.156921,-1079.395508,224.580322,377.977753,-1196.306885,242.306534,305.358276,-1171.967407,241.042542,482.122955
61,0.508333,671.682312,232.790085,-1081.850464,664.523499,235.517441,-981.565613,725.109253,234.954071,-936.660400,823.964661,231.844162,-975.386047,-1060.563599,208.117401,-1361.700806,-1005.599243,215.891495,-1377.304932,-975.749329,208.545059,-1427.220581,-1070.542236,328.393707,-1458.578613,-1067.854614,196.504837,377.180420,-1079.395386,224.583725,377.983734,-1196.300171,242.301208,305.378052,-1171.949463,241.073929,482.092102
62,0.516667,671.683472,232.789703,-1081.854370,664.532104,235.503143,-981.552795,725.129456,234.924347,-936.664551,823.984192,231.845932,-975.373291,-1060.567261,208.121841,-1361.700439,-1005.596619,215.908447,-1377.311523,-975.763062,208.530151,-1427.236816,-1070.524902,328.408264,-1458.578247,-1067.860718,196.532120,377.129059,-1079.389282,224.599625,377.985474,-1196.300293,242.290604,305.366577,-1172.078857,240.945099,482.153198
63,0.525000,671.662842,232.793182,-1081.836182,664.533752,235.495178,-981.551880,725.129395,234.917328,-936.649048,823.980347,231.823563,-975.351379,-1060.555298,208.133789,-1361.692505,-1005.569702,215.878296,-1377.289917,-975.726257,208.522751,-1427.223145,-1070.499023,328.403076,-1458.572021,-1067.862915,196.505096,377.153931,-1079.411377,224.572723,377.971252,-1196.320312,242.318588,305.347809,-1172.095825,240.918076,482.209503
64,0.533333,671.675598,232.786346,-1081.836670,664.536438,235.491669,-981.556885,725.141479,234.925568,-936.647888,823.982788,231.822342,-975.375122,-1060.537354,208.138733,-1361.689453,-1005.566101,215.840973,-1377.299194,-975.736755,208.505676,-1427.236206,-1070.499146,328.381958,-1458.581299,-1067.864624,196.506531,377.157776,-1079.411865,224.570129,377.971985,-1196.327393,242.326233,305.327759,-1171.992065,241.026886,482.160858
65,0.541667,671.665710,232.807480,-1081.849731,664.525452,235.522461,-981.551453,725.134521,234.938919,-936.641418,823.970337,231.854645,-975.363953,-1060.543701,208.142273,-1361.690796,-1005.580200,215.851501,-1377.292603,-975.749268,208.512665,-1427.219360,-1070.517944,328.398651,-1458.573364,-1067.874634,196.538315,377.118042,-1079.422485,224.565750,377.965302,-1196.330688,242.327423,305.324677,-1172.052246,240.972763,482.157501
66,0.550000,671.674622,232.797882,-1081.851562,664.516907,235.524063,-981.552490,725.126282,234.953690,-936.656372,823.971313,231.859207,-975.369202,-1060.567017,208.125229,-1361.700073,-1005.608459,215.880463,-1377.297974,-975.749634,208.526337,-1427.216431,-1070.524048,328.420105,-1458.576050,-1067.852783,196.538223,377.120697,-1079.406372,224.576996,377.975708,-1196.317505,242.305939,305.349609,-1172.072876,240.944977,482.184906
67,0.558333,671.675598,232.783035,-1081.846191,664.530823,235.508820,-981.557434,725.126770,234.928192,-936.668396,823.971436,231.851028,-975.393127,-1060.553589,208.133270,-1361.695435,-1005.583313,215.885651,-1377.294800,-975.739014,208.534729,-1427.226074,-1070.525391,328.427734,-1458.584106,-1067.850708,196.498474,377.158325,-1079.398804,224.583603,377.981140,-1196.313843,242.302109,305.367615,-1172.089233,240.924805,482.191284
68,0.566667,671.814575,232.705551,-1081.780029,664.535767,235.494843,-981.555603,725.139648,234.914017,-936.666382,823.974487,231.824448,-975.372742,-1060.549438,208.135834,-1361.686890,-1005.568176,215.867599,-1377.293701,-975.721313,208.526764,-1427.224365,-1070.515503,328.405853,-1458.589355,-1067.849609,196.499817,377.159363,-1079.399780,224.584854,377.969971,-1196.318848,242.307419,305.358521,-1172.085327,240.917007,482.188507
69,0.575000,671.672974,232.790543,-1081.837646,664.526611,235.493652,-981.554932,725.135498,234.920670,-936.654114,823.977356,231.819443,-975.377441,-1060.531616,208.124283,-1361.703735,-1005.569946,215.850052,-1377.291016,-975.722351,208.520065,-1427.228760,-1070.503540,328.383453,-1458.581909,-1067.872559,196.532455,377.119873,-1079.412231,224.572708,377.968872,-1196.324951,242.313995,305.348999,-1172.066772,240.934448,482.184479
70,0.583333,671.671692,232.793945,-1081.835693,664.509033,235.515045,-981.560181,725.138550,234.936722,-936.650452,823.967896,231.837952,-975.366150,-1060.525513,208.141342,-1361.690552,-1005.569214,215.867752,-1377.269043,-975.731140,208.519150,-1427.229736,-1070.499634,328.383392,-1458.560303,-1067.848145,196.514114,377.160767,-1079.415039,224.576920,377.975800,-1196.325806,242.319244,305.342529,-1172.067993,240.957855,482.190430
71,0.591667,671.801086,232.719269,-1081.786621,664.521851,235.510345,-981.556519,725.122559,234.948334,-936.649780,823.967590,231.850098,-975.360657,-1060.542847,208.135559,-1361.684937,-1005.563477,215.886032,-1377.260010,-975.740479,208.524612,-1427.217041,-1070.517700,328.397156,-1458.554932,-1067.856201,196.507568,377.175690,-1079.413086,224.576370,377.997681,-1196.316528,242.318970,305.346954,-1172.066528,240.938873,482.171539
72,0.600000,671.667908,232.788895,-1081.853394,664.530029,235.505295,-981.552979,725.110718,234.945526,-936.649902,823.972900,231.856659,-975.389465,-1060.530884,208.140961,-1361.681641,-1005.568970,215.879974,-1377.277466,-975.732056,208.537888,-1427.208496,-1070.510986,328.403809,-1458.570068,-1067.873047,196.529938,377.145294,-1079.386353,224.590576,377.985718,-1196.313477,242.328735,305.360931,-1172.084839,240.941956,482.192688
73,0.608333,671.669006,232.799301,-1081.854614,664.531982,235.492645,-981.559692,725.143555,234.919296,-936.669128,823.975708,231.826126,-975.387329,-1060.547363,208.133484,-1361.686768,-1005.566223,215.885300,-1377.283569,-975.715942,208.528015,-1427.222900,-1070.507080,328.391022,-1458.582642,-1067.853271,196.515900,377.153107,-1079.378662,224.582123,377.966888,-1196.313354,242.308121,305.360565,-1172.086792,240.908585,482.192200
74,0.616667,671.667114,232.783539,-1081.848633,664.526794,235.494675,-981.564392,725.133118,234.934479,-936.655090,823.975525,231.836609,-975.368591,-1060.533813,208.129776,-1361.706665,-1005.562195,215.872177,-1377.287842,-975.712219,208.506378,-1427.223145,-1070.484497,328.391907,-1458.571899,-1067.876587,196.543457,377.115204,-1079.399658,224.572861,377.959564,-1196.335815,242.322113,305.344269,-1172.073120,240.925003,482.195801
75,0.625000,671.659973,232.790024,-1081.841064,664.521606,235.520218,-981.550720,725.254456,235.007126,-936.580139,823.971375,231.841599,-975.369995,-1060.522095,208.128769,-1361.702515,-1005.557678,215.866470,-1377.269043,-975.737244,208.505707,-1427.212646,-1070.496460,328.398132,-1458.558105,-1067.857788,196.528336,377.163361,-1079.420654,224.587067,377.973816,-1196.334229,242.324051,305.359924,-1172.061401,240.951584,482.179657
76,0.633333,671.670044,232.786209,-1081.846802,664.514282,235.522064,-981.549255,725.130310,234.942078,-936.653076,823.958130,231.850388,-975.365906,-1060.529663,208.143295,-1361.678711,-1005.568970,215.870453,-1377.269775,-975.737610,208.527832,-1427.202881,-1070.500488,328.408630,-1458.552124,-1067.856323,196.517609,377.182281,-1079.422852,224.590240,377.982880,-1196.321167,242.328751,305.345642,-1172.058228,240.963516,482.191254
77,0.641667,671.669617,232.796570,-1081.837280,664.524658,235.497955,-981.555481,724.971924,235.060791,-936.628784,823.977539,231.839661,-975.367920,-1060.532715,208.156113,-1361.661499,-1005.570740,215.869766,-1377.268066,-975.731384,208.537430,-1427.198975,-1070.486938,328.421082,-1458.538330,-1067.861206,196.507080,377.180817,-1079.402344,224.589203,377.999481,-1196.312378,242.323837,305.353638,-1172.082520,240.930634,482.188873
78,0.650000,671.666992,232.785080,-1081.848022,664.542664,235.488556,-981.557190,725.132690,234.929489,-936.666321,823.972595,231.824982,-975.385437,-1060.530884,208.152451,-1361.673584,-1005.561462,215.861572,-1377.289185,-975.711609,208.535065,-1427.209717,-1070.486084,328.393951,-1458.568848,-1067.852173,196.499039,377.167480,-1079.383911,224.577408,377.981781,-1196.306885,242.295670,305.353027,-1172.092651,240.918320,482.198517
79,0.658333,671.671509,232.781433,-1081.851685,664.539307,235.498077,-981.558838,725.133789,234.916351,-936.662720,823.975830,231.815079,-975.375977,-1060.518066,208.112991,-1361.699219,-1005.558838,215.854843,-1377.289795,-975.703796,208.517014,-1427.229126,-1070.491333,328.378662,-1458.568481,-1067.854492,196.486755,377.152130,-1079.407959,224.570419,377.959869,-1196.309448,242.304184,305.341064,-1172.071289,240.911880,482.204712
80,0.666667,671.669861,232.781647,-1081.845947,664.535339,235.496399,-981.550171,725.138428,234.927063,-936.645630,823.972656,231.832428,-975.376343,-1060.542603,208.112488,-1361.692383,-1005.550171,215.854477,-1377.271240,-975.716553,208.511963,-1427.226685,-1070.487305,328.376709,-1458.559448,-1067.868774,196.528625,377.111938,-1079.407715,224.568100,377.968567,-1196.316895,242.314743,305.347900,-1172.074829,240.932877,482.195251
81,0.675000,671.663208,232.789688,-1081.837646,664.513916,235.501938,-981.554260,725.119873,234.936630,-936.633301,823.959290,231.834183,-975.361389,-1060.538452,208.141006,-1361.670898,-1005.546692,215.869217,-1377.251099,-975.738159,208.529297,-1427.205933,-1070.478516,328.392090,-1458.536011,-1067.854492,196.524017,377.162659,-1079.429321,224.573639,377.988495,-1196.316040,242.325958,305.359619,-1172.068970,240.973221,482.201202
82,0.683333,671.673218,232.785385,-1081.832764,664.518738,235.509720,-981.553650,725.124390,234.930496,-936.640686,823.976868,231.837280,-975.362366,-1060.524292,208.164627,-1361.669678,-1005.563049,215.887421,-1377.255249,-975.730652,208.534088,-1427.201050,-1070.482910,328.401031,-1458.523315,-1067.852295,196.518692,377.180634,-1079.420044,224.581726,377.998779,-1196.307251,242.324936,305.362183,-1172.077148,240.954529,482.188232
83,0.691667,671.675354,232.787659,-1081.848877,664.530945,235.502747,-981.558899,725.146301,234.913483,-936.666138,823.972961,231.843918,-975.380066,-1060.533203,208.139481,-1361.685547,-1005.560974,215.879303,-1377.273682,-975.727722,208.535019,-1427.214233,-1070.486084,328.389771,-1458.553833,-1067.851685,196.522018,377.170929,-1079.403076,224.578568,377.970490,-1196.319946,242.328323,305.332428,-1172.073853,240.934036,482.203705
84,0.700000,671.673889,232.779526,-1081.851196,664.536133,235.492920,-981.560730,725.149841,234.908661,-936.659119,823.978271,231.820541,-975.377686,-1060.535156,208.113663,-1361.695190,-1005.552673,215.843735,-1377.296753,-975.718750,208.506897,-1427.239258,-1070.491089,328.369629,-1458.579224,-1067.904175,196.554504,377.052155,-1079.399780,224.565720,377.947968,-1196.314941,242.322739,305.319550,-1172.090576,240.921936,482.188934
85,0.708333,671.666138,232.785172,-1081.848755,664.527893,235.492966,-981.563110,725.134949,234.927689,-936.665100,823.977173,231.834976,-975.373169,-1060.531372,208.110657,-1361.696411,-1005.559082,215.846802,-1377.278198,-975.721924,208.507172,-1427.216187,-1070.486816,328.378265,-1458.563599,-1067.854736,196.508453,377.137878,-1079.386841,224.592331,377.974915,-1196.302124,242.323502,305.335968,-1172.078003,240.919220,482.181091
86,0.716667,671.796631,232.718063,-1081.781860,664.521057,235.506516,-981.550049,725.115173,234.940323,-936.645813,823.963379,231.844025,-975.366699,-1060.539551,208.139893,-1361.662720,-1005.561951,215.864944,-1377.264160,-975.733093,208.525040,-1427.196289,-1070.488159,328.393158,-1458.554565,-1067.858398,196.506073,377.170868,-1079.429199,224.565887,377.994080,-1196.315186,242.326004,305.338867,-1172.068359,240.947174,482.185059
87,0.725000,671.792114,232.713562,-1081.771484,664.512146,235.505630,-981.548401,725.122559,234.927185,-936.650879,823.956543,231.835419,-975.359314,-1060.549438,208.142151,-1361.673340,-1005.570740,215.870316,-1377.257202,-975.739929,208.529251,-1427.192993,-1070.481567,328.410522,-1458.534668,-1067.865234,196.510269,377.185760,-1079.438354,224.575089,378.018890,-1196.317383,242.318390,305.347198,-1172.067627,240.946518,482.177368
88,0.733333,671.671387,232.765717,-1081.840576,664.520569,235.492996,-981.556274,725.124268,234.905212,-936.647522,823.966980,231.820786,-975.368896,-1060.541748,208.140640,-1361.679688,-1005.568848,215.858383,-1377.263062,-975.754211,208.510773,-1427.203003,-1070.488403,328.386932,-1458.547607,-1067.866333,196.497299,377.172699,-1079.411621,224.565979,377.993378,-1196.306885,242.315048,305.327454,-1172.087891,240.943161,482.183594
89,0.741667,671.668579,232.778824,-1081.861816,664.531738,235.483017,-981.565857,725.129456,234.915665,-936.678589,823.979187,231.821442,-975.395020,-1060.545288,208.125595,-1361.694702,-1005.565857,215.851410,-1377.285645,-975.719727,208.504578,-1427.220459,-1070.502197,328.372284,-1458.569702,-1067.865967,196.486084,377.141205,-1079.384766,224.572784,377.954865,-1196.302612,242.315308,305.329437,-1172.058960,240.870972,482.150452
90,0.750000,671.660095,232.784363,-1081.864990,664.525818,235.490753,-981.570679,725.131104,234.914886,-936.679077,823.970825,231.833664,-975.376587,-1060.545166,208.113037,-1361.700806,-1005.557983,215.845657,-1377.286011,-975.723450,208.509842,-1427.217163,-1070.483887,328.376129,-1458.567505,-1067.858398,196.489014,377.153412,-1079.396362,224.577301,377.936951,-1196.310669,242.318832,305.344421,-1172.078369,240.928528,482.186646
91,0.758333,671.663269,232.789215,-1081.850464,664.517944,235.497345,-981.560730,725.133240,234.927673,-936.667603,823.966553,231.841125,-975.359924,-1060.543457,208.136612,-1361.664429,-1005.571106,215.870789,-1377.265015,-975.736694,208.522507,-1427.199585,-1070.489380,328.397217,-1458.539429,-1067.859741,196.508331,377.173065,-1079.416016,224.572144,377.962799,-1196.321411,242.326096,305.350098,-1172.078613,240.941864,482.195251
92,0.766667,671.672913,232.789047,-1081.852051,664.513611,235.495743,-981.561401,725.133179,234.928986,-936.644104,823.957397,231.840607,-975.364990,-1060.541870,208.154587,-1361.662476,-1005.572815,215.865463,-1377.266113,-975.749023,208.528168,-1427.198242,-1070.485718,328.405670,-1458.524780,-1067.917603,196.531784,377.142914,-1079.423828,224.570709,378.000305,-1196.319580,242.334167,305.356079,-1172.074219,240.928314,482.178528
93,0.775000,671.686890,232.776901,-1081.859131,664.510437,235.490097,-981.561279,725.133301,234.920181,-936.658752,823.977417,231.835632,-975.367065,-1060.524170,208.138901,-1361.683472,-1005.567810,215.849884,-1377.257812,-975.733887,208.524490,-1427.199585,-1070.478027,328.387329,-1458.537720,-1067.865479,196.518356,377.173035,-1079.421875,224.572556,377.993530,-1196.321045,242.314072,305.347168,-1172.093628,240.955261,482.192657
94,0.783333,671.690186,232.785080,-1081.854370,664.525818,235.494049,-981.569397,725.137756,234.916702,-936.670837,823.982605,231.831131,-975.392578,-1060.550781,208.111786,-1361.706055,-1005.571106,215.837280,-1377.275757,-975.724182,208.509094,-1427.206909,-1070.492554,328.364594,-1458.561401,-1067.867676,196.525482,377.120361,-1079.416016,224.564133,377.960175,-1196.314697,242.314575,305.322388,-1172.103394,240.940857,482.194580
95,0.791667,671.673706,232.787033,-1081.855591,664.524719,235.495850,-981.576294,725.136047,234.917862,-936.675781,823.977356,231.831497,-975.386353,-1060.556030,208.127426,-1361.681152,-1005.566833,215.854980,-1377.287476,-975.726318,208.501648,-1427.220825,-1070.500977,328.367798,-1458.562988,-1067.852173,196.511078,377.136597,-1079.393799,224.571335,377.945953,-1196.311035,242.331650,305.316589,-1172.100830,240.936996,482.183197
96,0.800000,671.675598,232.796982,-1081.860474,664.517090,235.497147,-981.577820,725.124146,234.927582,-936.673157,823.963684,231.844681,-975.366028,-1060.541870,208.129776,-1361.680786,-1005.560730,215.878571,-1377.263672,-975.731812,208.524933,-1427.202148,-1070.491699,328.379547,-1458.537231,-1067.877808,196.535873,377.130371,-1079.394287,224.584045,377.958954,-1196.322144,242.332581,305.337250,-1172.081665,240.938553,482.189545
97,0.808333,671.679871,232.790115,-1081.851440,664.519165,235.502106,-981.559814,725.132935,234.932312,-936.657776,823.962524,231.833908,-975.357239,-1060.526489,208.143173,-1361.666748,-1005.566101,215.878708,-1377.252441,-975.738281,208.534637,-1427.199341,-1070.481201,328.395050,-1458.529907,-1067.857544,196.520844,377.178894,-1079.409424,224.577362,377.999847,-1196.316895,242.314072,305.368805,-1172.071411,240.937363,482.183441
98,0.816667,671.683716,232.785278,-1081.848877,664.526611,235.487701,-981.558167,725.127563,234.921448,-936.659851,823.970032,231.841843,-975.369629,-1060.526367,208.129425,-1361.685669,-1005.555298,215.858826,-1377.264771,-975.710876,208.521164,-1427.201172,-1070.474854,328.404663,-1458.522949,-1067.860596,196.501160,377.174225,-1079.432007,224.562561,378.004974,-1196.329590,242.307831,305.350555,-1172.078125,240.960953,482.193848
99,0.825000,671.682678,232.785004,-1081.862915,664.525024,235.488907,-981.565063,725.138428,234.914429,-936.656738,823.988708,231.820908,-975.372559,-1060.532104,208.122406,-1361.691895,-1005.564209,215.851776,-1377.260132,-975.714600,208.505310,-1427.208862,-1070.482666,328.386414,-1458.546753,-1067.857910,196.492401,377.151337,-1079.419067,224.567261,377.982513,-1196.332642,242.319839,305.324890,-1172.092407,240.944916,482.203674
100,0.833333,671.665588,232.791885,-1081.860596,664.538940,235.485611,-981.567566,725.126526,234.909271,-936.678406,823.981018,231.825104,-975.375916,-1060.546265,208.121719,-1361.685547,-1005.574707,215.849060,-1377.281738,-975.723328,208.503357,-1427.210815,-1070.482056,328.384796,-1458.552490,-1067.869019,196.525726,377.107574,-1079.392944,224.599258,377.966553,-1196.314941,242.338989,305.313171,-1172.099731,240.941635,482.188721
101,0.841667,671.667725,232.791000,-1081.842529,664.528625,235.509628,-981.566895,725.143860,234.911575,-936.667603,823.969299,231.856598,-975.390381,-1060.555786,208.128876,-1361.688965,-1005.577942,215.868332,-1377.279785,-975.752136,208.518539,-1427.210083,-1070.503052,328.379242,-1458.548096,-1067.901245,196.553604,377.114655,-1079.394165,224.603867,377.972870,-1196.314697,242.357727,305.328796,-1172.099365,240.943146,482.193970
102,0.850000,671.676758,232.798630,-1081.849731,664.525330,235.519623,-981.544556,725.126343,234.947189,-936.652893,823.971924,231.855209,-975.358154,-1060.556274,208.129425,-1361.686890,-1005.584229,215.876724,-1377.288208,-975.755554,208.520889,-1427.204468,-1070.518921,328.388855,-1458.542358,-1067.867798,196.522079,377.172546,-1079.413330,224.577316,377.991486,-1196.311157,242.340073,305.358032,-1172.075562,240.945908,482.194061
103,0.858333,671.688171,232.778809,-1081.838135,664.526001,235.505753,-981.548096,725.120911,234.947510,-936.641357,823.958984,231.840179,-975.357300,-1060.531006,208.119278,-1361.675781,-1005.563049,215.880432,-1377.259644,-975.732239,208.520187,-1427.195801,-1070.492188,328.392609,-1458.536011,-1067.881348,196.524521,377.145020,-1079.417236,224.567993,378.003296,-1196.327271,242.308777,305.365356,-1172.071777,240.936081,482.187500
104,0.866667,671.676697,232.785324,-1081.847900,664.530090,235.494293,-981.556702,725.137634,234.923218,-936.638489,823.985779,231.838821,-975.361267,-1060.536011,208.115967,-1361.667480,-1005.556458,215.855392,-1377.259033,-975.729797,208.504074,-1427.208740,-1070.472900,328.377502,-1458.543457,-1067.865967,196.501862,377.175873,-1079.412720,224.570908,377.973999,-1196.339966,242.319641,305.362488,-1172.088623,240.929657,482.183716
105,0.875000,671.672791,232.791672,-1081.849487,664.534302,235.499786,-981.553894,725.138977,234.924637,-936.655273,823.976379,231.829651,-975.376770,-1060.556030,208.120178,-1361.674438,-1005.573364,215.851349,-1377.282349,-975.724182,208.515625,-1427.214600,-1070.490234,328.371185,-1458.547485,-1067.869507,196.497910,377.159576,-1079.408569,224.588959,377.966827,-1196.323730,242.325745,305.345062,-1172.096313,240.944809,482.200867
106,0.883333,671.655884,232.800095,-1081.850708,664.528015,235.501602,-981.572510,725.129517,234.915283,-936.659973,823.976990,231.855896,-975.383362,-1060.557129,208.108826,-1361.691895,-1005.590210,215.863846,-1377.280518,-975.744202,208.517532,-1427.213501,-1070.533813,328.378265,-1458.571289,-1067.875732,196.533005,377.120667,-1079.405151,224.597183,377.975891,-1196.317993,242.338928,305.331238,-1172.105469,240.934692,482.193665
107,0.891667,671.672302,232.795731,-1081.841919,664.521423,235.506134,-981.569946,725.123291,234.922653,-936.661377,823.965210,231.851501,-975.381958,-1060.564453,208.111893,-1361.683594,-1005.593079,215.877182,-1377.287842,-975.739807,208.519241,-1427.209595,-1070.509888,328.396362,-1458.567017,-1067.873535,196.513153,377.157562,-1079.406128,224.582718,377.977142,-1196.325439,242.316498,305.343536,-1172.096191,240.931686,482.187897
108,0.900000,671.675354,232.792908,-1081.846680,664.528015,235.509811,-981.547729,725.125610,234.943085,-936.628479,823.957703,231.835541,-975.364563,-1060.554810,208.114838,-1361.687866,-1005.575867,215.886963,-1377.279785,-975.739929,208.519455,-1427.204956,-1070.495117,328.400024,-1458.540527,-1067.855957,196.501907,377.180878,-1079.418579,224.558472,377.988434,-1196.325562,242.305252,305.368439,-1172.088989,240.940216,482.193420
109,0.908333,671.693604,232.782257,-1081.844727,664.536072,235.502213,-981.543640,725.130432,234.928696,-936.647949,823.977295,231.837570,-975.352966,-1060.521973,208.116058,-1361.675903,-1005.552429,215.886322,-1377.249878,-975.714294,208.518250,-1427.197998,-1070.477661,328.385071,-1458.532959,-1067.858521,196.498535,377.188721,-1079.410767,224.567368,377.996552,-1196.311523,242.321671,305.372864,-1172.081787,240.935349,482.182831
110,0.916667,671.676331,232.795944,-1081.854614,664.528503,235.503922,-981.562439,725.148865,234.915344,-936.651428,823.978760,231.832565,-975.356140,-1060.547852,208.107971,-1361.671387,-1005.551941,215.867294,-1377.255127,-975.722595,208.526260,-1427.203125,-1070.485596,328.374878,-1458.545410,-1067.859863,196.503510,377.178741,-1079.400757,224.583160,377.983734,-1196.333984,242.319214,305.356079,-1172.085571,240.942566,482.189392
111,0.925000,671.659851,232.790283,-1081.849854,664.517883,235.507645,-981.557922,725.133850,234.920670,-936.659729,823.972168,231.848801,-975.381287,-1060.561279,208.120728,-1361.681641,-1005.567200,215.860519,-1377.272339,-975.727478,208.528671,-1427.205566,-1070.524170,328.383759,-1458.556885,-1067.868164,196.512405,377.140686,-1079.405151,224.601212,377.965271,-1196.331177,242.323669,305.330444,-1172.099976,240.956192,482.196625
112,0.933333,671.663879,232.795670,-1081.845581,664.528564,235.506638,-981.555664,725.135986,234.926666,-936.664612,823.966675,231.847122,-975.385559,-1060.557007,208.122559,-1361.686768,-1005.575317,215.877762,-1377.268799,-975.738159,208.524017,-1427.213379,-1070.517944,328.394043,-1458.555542,-1067.872925,196.503448,377.155182,-1079.403076,224.594269,377.975250,-1196.324951,242.337143,305.326813,-1172.109985,240.942627,482.189880
113,0.941667,671.683228,232.788666,-1081.848755,664.531677,235.507278,-981.550415,725.126221,234.942673,-936.657776,823.955444,231.839661,-975.364807,-1060.544800,208.130829,-1361.690796,-1005.567444,215.888885,-1377.276489,-975.738525,208.512665,-1427.205322,-1070.489258,328.400299,-1458.545654,-1067.885010,196.525223,377.133820,-1079.415527,224.562881,377.987427,-1196.325073,242.314270,305.355774,-1172.077759,240.928055,482.182953
114,0.950000,671.678467,232.781540,-1081.837524,664.534973,235.488876,-981.549988,725.141235,234.925140,-936.641296,823.979736,231.827011,-975.372314,-1060.536865,208.121048,-1361.678955,-1005.545166,215.866486,-1377.267944,-975.736206,208.512543,-1427.192627,-1070.469360,328.400940,-1458.526978,-1067.865234,196.507034,377.169067,-1079.423706,224.556915,377.990448,-1196.337891,242.303070,305.371429,-1172.076904,240.920959,482.188721
115,0.958333,671.798584,232.711334,-1081.774780,664.532654,235.492523,-981.554932,725.136902,234.921921,-936.661072,823.983337,231.830399,-975.367615,-1060.544434,208.117126,-1361.669312,-1005.573364,215.850266,-1377.267456,-975.723389,208.515793,-1427.190308,-1070.475952,328.386719,-1458.549072,-1067.868286,196.494873,377.176025,-1079.416382,224.576813,377.977448,-1196.323364,242.316055,305.355164,-1172.083008,240.936340,482.190765
116,0.966667,671.671448,232.784851,-1081.854248,664.527283,235.500137,-981.566772,725.150208,234.915710,-936.665649,823.975403,231.835876,-975.383850,-1060.583008,208.107544,-1361.686768,-1005.594971,215.850830,-1377.275391,-975.731750,208.501984,-1427.210083,-1070.506104,328.384460,-1458.551758,-1067.874023,196.490524,377.167145,-1079.425049,224.576157,377.961853,-1196.327515,242.305420,305.345337,-1172.088745,240.942764,482.202515
117,0.975000,671.655273,232.788086,-1081.854370,664.512939,235.503433,-981.566589,725.127502,234.930832,-936.665894,823.978394,231.846558,-975.386841,-1060.573975,208.117096,-1361.690186,-1005.593201,215.869171,-1377.274658,-975.751770,208.510056,-1427.214966,-1070.556763,328.381744,-1458.584595,-1067.929810,196.517807,377.128448,-1079.418823,224.579147,377.965515,-1196.342529,242.308441,305.341797,-1172.101440,240.937393,482.191772
118,0.983333,671.656006,232.792664,-1081.850220,664.515869,235.503830,-981.563660,725.125061,234.937775,-936.659180,823.969788,231.843033,-975.357483,-1060.552979,208.113037,-1361.683594,-1005.574219,215.878723,-1377.273926,-975.744873,208.518173,-1427.212280,-1070.545898,328.398468,-1458.555420,-1067.879639,196.510330,377.158508,-1079.418945,224.575516,377.963684,-1196.324585,242.307556,305.341736,-1172.094604,240.940979,482.193146
119,0.991667,671.805908,232.717194,-1081.775024,664.541199,235.490753,-981.559082,725.146606,234.922653,-936.647095,823.977173,231.829941,-975.363403,-1060.532837,208.120941,-1361.671997,-1005.547058,215.858505,-1377.261475,-975.729797,208.518707,-1427.197876,-1070.499756,328.391632,-1458.557251,-1067.863281,196.502991,377.169220,-1079.419434,224.569489,377.977600,-1196.340210,242.301117,305.368652,-1172.085571,240.927490,482.179840
120,1.000000,671.676025,232.790543,-1081.840210,664.539612,235.493652,-981.565186,725.149292,234.920395,-936.664734,823.981873,231.829285,-975.363525,-1060.524292,208.133194,-1361.681396,-1005.552673,215.847168,-1377.262085,-975.728333,208.507019,-1427.196899,-1070.483398,328.384399,-1458.549561,-1067.927002,196.542175,377.084381,-1079.408081,224.571213,378.002563,-1196.327759,242.317108,305.370850,-1172.076416,240.919693,482.179749
121,1.008333,671.678833,232.785141,-1081.860352,664.527222,235.501495,-981.559570,725.137146,234.920135,-936.676331,823.968628,231.836288,-975.358459,-1060.545654,208.109268,-1361.678101,-1005.560425,215.855698,-1377.263550,-975.740723,208.507202,-1427.205933,-1070.509521,328.371857,-1458.564331,-1067.870728,196.514404,377.154236,-1079.421997,224.585724,377.991547,-1196.331543,242.319305,305.357300,-1172.092407,240.953964,482.186371
122,1.016667,671.672119,232.782455,-1081.854492,664.530457,235.497864,-981.576172,725.129578,234.917496,-936.679932,823.965027,231.847168,-975.368530,-1060.571289,208.117157,-1361.697266,-1005.599731,215.862488,-1377.267578,-975.725098,208.513672,-1427.214233,-1070.525146,328.379089,-1458.556519,-1067.921143,196.526917,377.120514,-1079.423706,224.577408,377.967590,-1196.339111,242.322067,305.328186,-1172.099487,240.943008,482.188751
123,1.025000,671.682251,232.778473,-1081.852905,664.530090,235.506699,-981.564392,725.135010,234.920181,-936.668579,823.970459,231.838455,-975.378174,-1060.551270,208.130783,-1361.684204,-1005.578613,215.877502,-1377.261353,-975.726685,208.522034,-1427.204712,-1070.521362,328.375793,-1458.558960,-1067.872559,196.512466,377.150208,-1079.411133,224.585312,377.950470,-1196.338013,242.307220,305.321106,-1172.107666,240.951523,482.195251
124,1.033333,671.690063,232.778534,-1081.849976,664.528992,235.491760,-981.572632,725.137085,234.921585,-936.667358,823.969360,231.827652,-975.367310,-1060.547363,208.123734,-1361.675659,-1005.555420,215.872955,-1377.261230,-975.729126,208.514069,-1427.197998,-1070.500610,328.384491,-1458.541992,-1067.877441,196.532455,377.134613,-1079.410767,224.578537,377.948547,-1196.333618,242.323181,305.345856,-1172.086304,240.933060,482.191437
125,1.041667,671.690918,232.779251,-1081.838135,664.539978,235.487839,-981.557556,725.128967,234.917343,-936.658447,823.958679,231.818573,-975.362244,-1060.541748,208.120117,-1361.675781,-1005.546082,215.849899,-1377.260010,-975.720032,208.506256,-1427.198486,-1070.467407,328.383575,-1458.549438,-1067.862549,196.517776,377.164246,-1079.399536,224.575287,377.982269,-1196.333374,242.304901,305.376984,-1172.079712,240.934250,482.178619
126,1.050000,671.808716,232.697311,-1081.792969,664.525208,235.494095,-981.561646,725.136536,234.914474,-936.654175,823.965454,231.832291,-975.356445,-1060.547852,208.111328,-1361.673706,-1005.572571,215.844955,-1377.273193,-975.727600,208.509796,-1427.200928,-1070.502441,328.375793,-1458.558838,-1067.868286,196.500397,377.167755,-1079.419800,224.560471,377.979492,-1196.327759,242.312714,305.370697,-1172.076660,240.925339,482.180023
127,1.058333,671.656921,232.765686,-1081.853149,664.521912,235.485962,-981.561646,725.121582,234.925430,-936.669983,823.959106,231.844376,-975.371643,-1060.544312,208.103729,-1361.679810,-1005.588196,215.854691,-1377.275146,-975.730774,208.504913,-1427.209595,-1070.519897,328.387360,-1458.547729,-1067.885620,196.526123,377.112793,-1079.437866,224.571152,377.957428,-1196.337524,242.325684,305.334045,-1172.100098,240.945755,482.198151
128,1.066667,671.655151,232.778229,-1081.845947,664.514160,235.502045,-981.558716,725.122131,234.925247,-936.661133,823.957336,231.831406,-975.374756,-1060.546997,208.122116,-1361.699829,-1005.581482,215.889420,-1377.276733,-975.743042,208.518478,-1427.207642,-1070.522583,328.399353,-1458.555298,-1067.873779,196.516312,377.147217,-1079.420410,224.583710,377.971069,-1196.335938,242.330246,305.314850,-1172.095947,240.954742,482.197083
129,1.075000,671.667725,232.773743,-1081.836060,664.521362,235.501694,-981.553406,725.132263,234.922256,-936.651855,823.975830,231.838486,-975.365295,-1060.523926,208.147339,-1361.666504,-1005.559082,215.889435,-1377.274658,-975.727905,208.522919,-1427.193359,-1070.489258,328.409546,-1458.543945,-1067.866821,196.509521,377.165619,-1079.416626,224.581039,377.956635,-1196.340088,242.328598,305.321198,-1172.097168,240.948181,482.194611
130,1.083333,671.663391,232.783325,-1081.840088,664.526428,235.489548,-981.559692,725.127380,234.915756,-936.650391,823.982300,231.834885,-975.375000,-1060.520142,208.132736,-1361.681519,-1005.534546,215.866501,-1377.251099,-975.699707,208.507935,-1427.195557,-1070.466187,328.391449,-1458.547119,-1067.874023,196.508652,377.165405,-1079.406738,224.581131,377.958008,-1196.332275,242.315155,305.354462,-1172.083252,240.928574,482.179779
131,1.091667,671.672241,232.789032,-1081.843994,664.532349,235.481216,-981.555359,725.138367,234.913147,-936.654358,823.974854,231.829330,-975.367920,-1060.523804,208.115631,-1361.671387,-1005.542419,215.832413,-1377.255249,-975.708252,208.504089,-1427.200562,-1070.495728,328.387390,-1458.540894,-1067.863525,196.507858,377.162994,-1079.405762,224.578796,377.978119,-1196.324951,242.311111,305.358887,-1172.092285,240.937225,482.162933
132,1.100000,671.666077,232.768799,-1081.844849,664.521729,235.490219,-981.568665,725.115906,234.919174,-936.659790,823.966064,231.832001,-975.377136,-1060.535645,208.111130,-1361.682983,-1005.568726,215.834656,-1377.265869,-975.721497,208.513763,-1427.208862,-1070.488892,328.375336,-1458.552490,-1067.921265,196.515610,377.124664,-1079.426514,224.560547,377.975250,-1196.319702,242.307281,305.347900,-1172.093018,240.941345,482.176392
133,1.108333,671.668823,232.774399,-1081.849121,664.524414,235.497162,-981.562378,725.120117,234.923340,-936.656860,823.964905,231.834030,-975.371887,-1060.547119,208.136383,-1361.685303,-1005.582336,215.866318,-1377.273193,-975.734558,208.532318,-1427.202637,-1070.497681,328.392731,-1458.537231,-1067.874023,196.516357,377.156555,-1079.418823,224.587845,377.976715,-1196.329956,242.322144,305.315460,-1172.109619,240.951767,482.188354
134,1.116667,671.665466,232.779800,-1081.844238,664.517456,235.504913,-981.560913,725.124390,234.919739,-936.657104,823.964844,231.831451,-975.375854,-1060.548340,208.146149,-1361.673218,-1005.567444,215.880280,-1377.272705,-975.731628,208.536316,-1427.208252,-1070.491089,328.408020,-1458.534180,-1067.860840,196.503433,377.156006,-1079.417236,224.594467,377.962891,-1196.322632,242.333939,305.338745,-1172.104492,240.941116,482.192352
135,1.125000,671.659973,232.784042,-1081.830078,664.522522,235.501648,-981.548401,725.134521,234.921860,-936.644653,823.980957,231.830093,-975.351685,-1060.527466,208.145660,-1361.674194,-1005.558228,215.867462,-1377.276733,-975.722412,208.526566,-1427.198730,-1070.487061,328.398865,-1458.531250,-1067.907104,196.526031,377.121765,-1079.404053,224.591934,377.961700,-1196.330811,242.329056,305.350250,-1172.104248,240.956909,482.194061
136,1.133333,671.677917,232.784271,-1081.843140,664.538818,235.495438,-981.552979,725.130554,234.914993,-936.655090,823.975952,231.817490,-975.371643,-1060.534790,208.115631,-1361.694092,-1005.561584,215.851212,-1377.260498,-975.716492,208.503464,-1427.213501,-1070.476807,328.380188,-1458.539551,-1067.865356,196.520264,377.168365,-1079.401733,224.582993,377.967102,-1196.324463,242.325180,305.356750,-1172.098511,240.928955,482.177032
137,1.141667,671.676575,232.783157,-1081.849854,664.536560,235.496002,-981.562317,725.130005,234.928467,-936.645691,823.964844,231.835037,-975.368530,-1060.567261,208.098740,-1361.676392,-1005.590332,215.855438,-1377.276978,-975.741272,208.516327,-1427.202148,-1070.515747,328.377960,-1458.555786,-1067.868164,196.512482,377.162079,-1079.420654,224.576553,377.973602,-1196.326538,242.310120,305.342651,-1172.090088,240.939377,482.184723
138,1.150000,671.660828,232.776169,-1081.850098,664.520996,235.491821,-981.568359,725.114319,234.927322,-936.663635,823.956299,231.842728,-975.369385,-1060.558594,208.120117,-1361.676270,-1005.596497,215.877274,-1377.276611,-975.759399,208.524673,-1427.208008,-1070.532593,328.400574,-1458.551270,-1067.889160,196.530136,377.127747,-1079.430542,224.578354,377.968903,-1196.319336,242.306351,305.348083,-1172.108276,240.964401,482.186646
139,1.158333,671.665894,232.783142,-1081.843384,664.528809,235.497894,-981.558838,725.122009,234.921234,-936.662964,823.964111,231.840546,-975.373596,-1060.533447,208.136032,-1361.678589,-1005.586365,215.892090,-1377.282715,-975.735718,208.538895,-1427.204590,-1070.495239,328.422607,-1458.541626,-1067.866943,196.527145,377.150421,-1079.424683,224.592834,377.968719,-1196.332886,242.337753,305.322906,-1172.116699,240.954330,482.173309
140,1.166667,671.669189,232.774826,-1081.841797,664.521545,235.490295,-981.565613,725.142822,234.913696,-936.653320,823.976013,231.836319,-975.369263,-1060.546387,208.135666,-1361.687988,-1005.568054,215.889130,-1377.260986,-975.713013,208.532120,-1427.200684,-1070.480103,328.415222,-1458.549805,-1067.861572,196.521103,377.152985,-1079.392944,224.608810,377.957062,-1196.327148,242.343918,305.326111,-1172.111328,240.953110,482.190796
141,1.175000,671.660278,232.784622,-1081.835083,664.527954,235.490875,-981.556274,725.143372,234.915100,-936.645996,823.978516,231.820404,-975.371582,-1060.551025,208.115295,-1361.684326,-1005.550842,215.856354,-1377.265259,-975.723633,208.509415,-1427.207520,-1070.487427,328.390839,-1458.545776,-1067.859497,196.516876,377.150269,-1079.413574,224.581650,377.947266,-1196.319824,242.331436,305.342529,-1172.100952,240.950775,482.187378
142,1.183333,671.669128,232.786499,-1081.845581,664.533569,235.503220,-981.548706,725.121704,234.937912,-936.646912,823.968811,231.832214,-975.360718,-1060.547729,208.103683,-1361.681396,-1005.568237,215.859970,-1377.254517,-975.734375,208.509872,-1427.193970,-1070.509521,328.385437,-1458.545166,-1067.916260,196.534363,377.127838,-1079.421875,224.565186,377.975952,-1196.326782,242.300064,305.348328,-1172.082642,240.952988,482.184296
143,1.191667,671.680725,232.793243,-1081.854370,664.517883,235.507416,-981.564331,725.135864,234.938278,-936.655151,823.974731,231.838974,-975.371155,-1060.560913,208.111450,-1361.674927,-1005.573059,215.873932,-1377.265015,-975.761230,208.526291,-1427.191040,-1070.510132,328.394196,-1458.531616,-1067.872803,196.512100,377.157318,-1079.436890,224.562881,377.979401,-1196.323853,242.296310,305.339020,-1172.094604,240.955811,482.169708
144,1.200000,671.671692,232.790985,-1081.849976,664.526672,235.511856,-981.567749,725.124390,234.927429,-936.662598,823.962097,231.838058,-975.371887,-1060.545776,208.134506,-1361.662231,-1005.579834,215.904144,-1377.267212,-975.736450,208.548813,-1427.185547,-1070.503174,328.406891,-1458.532104,-1067.874146,196.507111,377.160675,-1079.423950,224.584244,377.972412,-1196.308105,242.314438,305.327454,-1172.092773,240.952118,482.180237
145,1.208333,671.659790,232.778885,-1081.841797,664.526611,235.503876,-981.561768,725.133301,234.920822,-936.666748,823.971008,231.829605,-975.376770,-1060.539551,208.133224,-1361.690552,-1005.553223,215.885406,-1377.284668,-975.716553,208.537109,-1427.196289,-1070.504028,328.402374,-1458.534912,-1067.864746,196.518753,377.164459,-1079.408569,224.585388,377.949951,-1196.317017,242.339355,305.323273,-1172.106201,240.962173,482.189545
146,1.216667,671.653931,232.788437,-1081.835449,664.521545,235.502335,-981.556519,725.137695,234.920013,-936.652344,823.967041,231.828369,-975.393127,-1060.534790,208.125687,-1361.690796,-1005.561829,215.864319,-1377.258789,-975.739258,208.528564,-1427.200928,-1070.484619,328.389099,-1458.552002,-1067.866943,196.524551,377.157623,-1079.400024,224.598846,377.948914,-1196.339111,242.312592,305.342041,-1172.095581,240.954926,482.187988
147,1.225000,671.654846,232.794891,-1081.840088,664.518433,235.500656,-981.557739,725.115601,234.924881,-936.650818,823.965149,231.835236,-975.385498,-1060.534546,208.101181,-1361.687134,-1005.583435,215.837418,-1377.274048,-975.757324,208.506744,-1427.211304,-1070.503906,328.394440,-1458.536621,-1067.862671,196.506943,377.164429,-1079.420898,224.570450,377.963074,-1196.337524,242.320190,305.337494,-1172.078613,240.960922,482.171021
148,1.233333,671.677917,232.805573,-1081.855347,664.516052,235.513092,-981.561401,725.115479,234.958084,-936.650085,823.959534,231.860336,-975.362488,-1060.545532,208.122589,-1361.665771,-1005.571594,215.852142,-1377.257812,-975.742920,208.507828,-1427.192261,-1070.509888,328.401123,-1458.535645,-1067.872925,196.502869,377.176575,-1079.443359,224.571381,377.999237,-1196.338989,242.291458,305.331146,-1171.974365,241.072906,482.119537
149,1.241667,671.685486,232.791214,-1081.856445,664.520752,235.506409,-981.563354,725.135071,234.940765,-936.669250,823.968567,231.857224,-975.367126,-1060.527344,208.147079,-1361.654785,-1005.565735,215.882706,-1377.254150,-975.730530,208.534012,-1427.178955,-1070.491821,328.429382,-1458.517944,-1067.884033,196.534500,377.123322,-1079.426025,224.581375,377.989197,-1196.319946,242.317749,305.323029,-1172.067627,240.990005,482.150848
150,1.250000,671.676697,232.788452,-1081.852783,664.520630,235.504196,-981.571594,725.134888,234.923660,-936.660767,823.974182,231.839127,-975.376709,-1060.535156,208.141418,-1361.673828,-1005.547302,215.895386,-1377.255127,-975.701050,208.539520,-1427.195557,-1070.480469,328.410034,-1458.535645,-1067.859009,196.519272,377.143066,-1079.408203,224.593597,377.948792,-1196.331665,242.316299,305.318939,-1172.096191,240.970291,482.187653
151,1.258333,671.659729,232.775406,-1081.847900,664.530151,235.505539,-981.561157,725.140015,234.910660,-936.670593,823.980774,231.829865,-975.380249,-1060.534546,208.137115,-1361.684204,-1005.535828,215.865692,-1377.266846,-975.709229,208.528915,-1427.209106,-1070.468994,328.383575,-1458.533447,-1067.862549,196.517960,377.143707,-1079.390869,224.601334,377.930664,-1196.337891,242.329483,305.329224,-1172.095825,240.934021,482.183258
152,1.266667,671.647339,232.800156,-1081.848267,664.513977,235.505096,-981.566895,725.121948,234.919296,-936.646606,823.971497,231.833191,-975.384338,-1060.547729,208.116653,-1361.673706,-1005.566223,215.852661,-1377.263550,-975.732239,208.502701,-1427.213501,-1070.504272,328.366699,-1458.536987,-1067.920044,196.532440,377.111420,-1079.423462,224.574295,377.943176,-1196.339355,242.304657,305.334106,-1172.101929,240.964371,482.179077
153,1.275000,671.669678,232.797516,-1081.853516,664.506165,235.514496,-981.556458,725.106262,234.948822,-936.639709,823.963623,231.852997,-975.372253,-1060.548462,208.115875,-1361.659912,-1005.590454,215.868683,-1377.244141,-975.744690,208.508850,-1427.189819,-1070.524414,328.378448,-1458.531494,-1067.875488,196.504074,377.164276,-1079.448364,224.555359,377.988434,-1196.347290,242.282257,305.347412,-1172.085449,240.956772,482.165466
154,1.283333,671.681702,232.795181,-1081.858521,664.524414,235.505966,-981.563721,725.121643,234.948883,-936.666748,823.968506,231.855835,-975.367676,-1060.541138,208.133041,-1361.647095,-1005.569580,215.893005,-1377.243652,-975.745605,208.522156,-1427.176270,-1070.503174,328.410919,-1458.511597,-1067.865723,196.495834,377.168457,-1079.459961,224.553452,378.002960,-1196.338379,242.273773,305.350586,-1172.074219,240.963196,482.175446
155,1.291667,671.676270,232.792908,-1081.854858,664.521362,235.493027,-981.567627,725.136047,234.933701,-936.662720,823.980347,231.849945,-975.370483,-1060.540649,208.126785,-1361.667969,-1005.547424,215.889816,-1377.242798,-975.712097,208.534286,-1427.184204,-1070.490723,328.412109,-1458.515625,-1067.852173,196.504105,377.160095,-1079.401123,224.594666,377.977417,-1196.321411,242.309753,305.332581,-1172.072388,240.947739,482.179932
156,1.300000,671.662415,232.793686,-1081.841797,664.534180,235.498062,-981.561829,725.147217,234.909409,-936.654114,823.980530,231.819778,-975.372192,-1060.543701,208.113907,-1361.684204,-1005.535217,215.853302,-1377.258667,-975.696533,208.525040,-1427.200073,-1070.478516,328.375153,-1458.542114,-1067.859009,196.526169,377.141846,-1079.395752,224.600998,377.924377,-1196.326660,242.328156,305.328583,-1172.098877,240.941040,482.177948
157,1.308333,671.645935,232.794861,-1081.850830,664.520508,235.505707,-981.564087,725.131958,234.918564,-936.650452,823.968750,231.835434,-975.395752,-1060.552612,208.105194,-1361.694946,-1005.558716,215.844818,-1377.260376,-975.737610,208.516678,-1427.200195,-1070.500854,328.361420,-1458.536011,-1067.900269,196.535431,377.101074,-1079.397461,224.584366,377.945038,-1196.337646,242.318161,305.327209,-1172.095825,240.945297,482.173248
158,1.316667,671.663269,232.789032,-1081.849121,664.499878,235.512894,-981.563599,725.106567,234.953537,-936.649170,823.959961,231.845123,-975.375427,-1060.539307,208.112427,-1361.678345,-1005.554199,215.865021,-1377.248047,-975.745422,208.512436,-1427.181763,-1070.529297,328.380310,-1458.525391,-1067.867798,196.513641,377.152130,-1079.442505,224.565048,377.968689,-1196.336304,242.299652,305.331848,-1172.083374,240.973663,482.190948
159,1.325000,671.680847,232.796661,-1081.861328,664.507080,235.511215,-981.565491,725.128113,234.938492,-936.647888,823.962219,231.852478,-975.375916,-1060.537109,208.135620,-1361.644165,-1005.568176,215.882355,-1377.226440,-975.737305,208.533356,-1427.168701,-1070.505859,328.414307,-1458.511475,-1067.859741,196.507050,377.177856,-1079.451660,224.565231,377.998566,-1196.321167,242.302155,305.350800,-1172.072510,240.960800,482.182037
160,1.333333,671.683655,232.792236,-1081.850708,664.533997,235.498886,-981.556213,725.133179,234.933228,-936.669189,823.988525,231.855942,-975.363525,-1060.528198,208.133820,-1361.646484,-1005.546692,215.891190,-1377.229004,-975.704834,208.528122,-1427.179321,-1070.475220,328.420868,-1458.511353,-1067.853149,196.513626,377.173950,-1079.423828,224.583359,377.997772,-1196.305664,242.314850,305.350464,-1172.070801,240.943893,482.172943
161,1.341667,671.676941,232.788467,-1081.845581,664.541077,235.488861,-981.561768,725.148376,234.920898,-936.648499,823.993103,231.842545,-975.366699,-1060.528198,208.111343,-1361.668335,-1005.536316,215.865082,-1377.261963,-975.707458,208.507645,-1427.201172,-1070.460327,328.382080,-1458.540527,-1067.854370,196.507584,377.138611,-1079.399536,224.602356,377.957825,-1196.322388,242.326401,305.335968,-1172.088379,240.947388,482.172577
162,1.350000,671.658813,232.788208,-1081.853149,664.526367,235.489761,-981.559631,725.133850,234.916336,-936.658997,823.977905,231.831589,-975.390747,-1060.544434,208.096420,-1361.690796,-1005.557678,215.855652,-1377.276367,-975.718506,208.494888,-1427.213379,-1070.493164,328.374207,-1458.528931,-1067.860107,196.507828,377.137665,-1079.409424,224.581924,377.938446,-1196.338501,242.319321,305.330109,-1172.102173,240.950455,482.175415
163,1.358333,671.648560,232.791550,-1081.843506,664.498596,235.508347,-981.570251,725.109680,234.941833,-936.647034,823.969360,231.844116,-975.382690,-1060.558716,208.109634,-1361.661377,-1005.574219,215.861435,-1377.257690,-975.765015,208.510254,-1427.196899,-1070.515259,328.378784,-1458.517700,-1067.871582,196.515213,377.152924,-1079.418091,224.581268,377.968384,-1196.334839,242.301559,305.340881,-1172.092773,240.954407,482.177155
164,1.366667,671.663818,232.797333,-1081.849487,664.514282,235.503250,-981.570862,725.116699,234.935501,-936.644348,823.951721,231.844925,-975.362000,-1060.536865,208.136154,-1361.630737,-1005.588623,215.872772,-1377.238525,-975.741943,208.520782,-1427.177124,-1070.478882,328.399689,-1458.497925,-1067.886230,196.543777,377.140656,-1079.428955,224.562531,377.994781,-1196.331421,242.320236,305.340179,-1172.089478,240.966217,482.178528
165,1.375000,671.683289,232.789108,-1081.856323,664.519592,235.502777,-981.565796,725.143433,234.920837,-936.654602,823.961853,231.840591,-975.359070,-1060.534790,208.122406,-1361.660400,-1005.563232,215.887161,-1377.225830,-975.733337,208.535812,-1427.166992,-1070.485840,328.401794,-1458.511108,-1067.854858,196.519363,377.180267,-1079.424561,224.577209,378.002808,-1196.318481,242.321915,305.342377,-1172.069458,240.953903,482.171692
166,1.383333,671.689148,232.794388,-1081.852661,664.540405,235.480087,-981.568359,725.157410,234.923401,-936.665894,823.981689,231.834091,-975.369812,-1060.536377,208.110352,-1361.685425,-1005.533569,215.864044,-1377.264282,-975.694153,208.526123,-1427.203125,-1070.457397,328.378571,-1458.527466,-1067.856079,196.511002,377.150635,-1079.417114,224.583771,377.959076,-1196.312622,242.320297,305.337860,-1172.079224,240.942963,482.187408
167,1.391667,671.657715,232.798035,-1081.847046,664.540710,235.492889,-981.555359,725.154175,234.909348,-936.656799,823.988281,231.837555,-975.382751,-1060.537720,208.094299,-1361.708496,-1005.557922,215.858063,-1377.265991,-975.716980,208.505203,-1427.206543,-1070.476685,328.349213,-1458.533325,-1067.856323,196.517807,377.147919,-1079.405884,224.582275,377.948761,-1196.323486,242.327393,305.337952,-1172.092407,240.926758,482.187134
168,1.400000,671.655029,232.796616,-1081.846680,664.511963,235.502975,-981.557068,725.113037,234.932999,-936.650696,823.961365,231.837433,-975.387268,-1060.564331,208.110611,-1361.671875,-1005.595703,215.852798,-1377.272217,-975.750000,208.505936,-1427.194946,-1070.522949,328.366364,-1458.519653,-1067.875000,196.535095,377.119446,-1079.409302,224.587967,377.962494,-1196.349609,242.316101,305.356995,-1172.112305,240.958038,482.189728
169,1.408333,671.803528,232.708298,-1081.789917,664.508423,235.499557,-981.563293,725.103088,234.939178,-936.661194,823.942627,231.851059,-975.378357,-1060.561279,208.138763,-1361.655273,-1005.604736,215.867020,-1377.255737,-975.764221,208.510788,-1427.187622,-1070.518066,328.398071,-1458.510498,-1067.863892,196.523468,377.176147,-1079.416382,224.585037,378.006012,-1196.342896,242.319458,305.356995,-1172.088379,240.942703,482.160522
170,1.416667,671.682983,232.770248,-1081.843750,664.514221,235.482620,-981.570374,725.126953,234.926346,-936.660217,823.964355,231.849380,-975.369141,-1060.538940,208.141983,-1361.641235,-1005.589233,215.868515,-1377.256348,-975.740356,208.518692,-1427.179810,-1070.504883,328.407440,-1458.520874,-1067.870850,196.545303,377.149414,-1079.420776,224.570953,378.003876,-1196.320801,242.330246,305.345337,-1172.084351,240.958221,482.179688
171,1.425000,671.812134,232.691010,-1081.794434,664.538269,235.485947,-981.562134,725.154968,234.918198,-936.654419,823.984192,231.830048,-975.360168,-1060.536377,208.117493,-1361.666748,-1005.568848,215.854156,-1377.271729,-975.710876,208.509003,-1427.197754,-1070.482910,328.388977,-1458.533203,-1067.866211,196.546402,377.109833,-1079.414551,224.570557,377.974152,-1196.301880,242.318466,305.340088,-1172.086914,240.941910,482.170776
172,1.433333,671.677002,232.771118,-1081.844360,664.542542,235.485138,-981.560730,725.164490,234.915771,-936.658142,823.993225,231.824463,-975.386841,-1060.540283,208.091461,-1361.682373,-1005.556335,215.842010,-1377.268188,-975.726318,208.500977,-1427.207153,-1070.482178,328.365936,-1458.532349,-1067.849976,196.513229,377.131622,-1079.407715,224.570663,377.929565,-1196.325439,242.312790,305.329834,-1172.088501,240.930023,482.190399
173,1.441667,671.658813,232.785141,-1081.843384,664.524963,235.500092,-981.560913,725.127563,234.918900,-936.643921,823.974487,231.833801,-975.372925,-1060.559692,208.097488,-1361.669678,-1005.573975,215.847565,-1377.269043,-975.762573,208.519196,-1427.203491,-1070.538696,328.367889,-1458.542847,-1067.863525,196.512253,377.151520,-1079.410767,224.591324,377.945648,-1196.329590,242.321106,305.337067,-1172.104004,240.929062,482.187286
174,1.450000,671.658386,232.786102,-1081.838867,664.514648,235.503357,-981.558472,725.110229,234.933945,-936.640076,823.948364,231.838486,-975.361389,-1060.580200,208.121002,-1361.652588,-1005.596375,215.870255,-1377.250244,-975.756165,208.533997,-1427.174194,-1070.531006,328.386963,-1458.519775,-1067.885376,196.518036,377.174957,-1079.427368,224.591064,377.986481,-1196.343872,242.320526,305.356384,-1172.111206,240.951157,482.184509
